{"device":"/dev/sdc","measurements":[{"duration":17.878072427,"size":299.0,"mbPerSec":16.73663316686168}]}